V1	Feature ID	Taxon	Confidence	taxa	shortTaxa
contig_3	744498c724ba4788e1f8b15c1cdac5b7781c18b3	k__Bacteria; p__Proteobacteria; c__Gammaproteobacteria; o__Alteromonadales; f__Alteromonadaceae; g__Alteromonas; s__	0.9678368241852013	Bacteria Proteobacteria Gammaproteobacteria Alteromonadales Alteromonadaceae Alteromonas 	Alteromonas
contig_7	f1e1d1742851920183773cc5710788dbe75225e8	k__Bacteria; p__Proteobacteria; c__Gammaproteobacteria; o__Alteromonadales; f__Alteromonadaceae; g__Alteromonas; s__	0.9701211303268139	Bacteria Proteobacteria Gammaproteobacteria Alteromonadales Alteromonadaceae Alteromonas 	Alteromonas
contig_8	d5bd361f74aa2e0cd9752f205b98b5e53e9795a2	k__Bacteria; p__Proteobacteria; c__Alphaproteobacteria; o__Kiloniellales; f__Kiloniellaceae; g__Thalassospira	0.9999998392771039	Bacteria Proteobacteria Alphaproteobacteria Kiloniellales Kiloniellaceae Thalassospira	Thalassospira
contig_11	6d53ab3bb49cc1f31e5d01ef9cb005abb7833ca4	k__Bacteria; p__Proteobacteria; c__Gammaproteobacteria; o__Alteromonadales; f__Alteromonadaceae; g__Marinobacter; s__	0.7920692241727634	Bacteria Proteobacteria Gammaproteobacteria Alteromonadales Alteromonadaceae Marinobacter 	Marinobacter
contig_12	1b9c29f48cfea16eb23fe6c60f38f201cc021dc7	k__Bacteria; p__Proteobacteria; c__Gammaproteobacteria; o__Alteromonadales; f__Alteromonadaceae; g__Marinobacter; s__	0.9991324258837844	Bacteria Proteobacteria Gammaproteobacteria Alteromonadales Alteromonadaceae Marinobacter 	Marinobacter
contig_15	cc6d79ae5407004b7150e04fff9f64be7ff8fdd3	k__Bacteria; p__Proteobacteria; c__Alphaproteobacteria; o__Kiloniellales; f__Kiloniellaceae; g__Thalassospira; s__xiamenensis	0.9767426558252156	Bacteria Proteobacteria Alphaproteobacteria Kiloniellales Kiloniellaceae Thalassospira xiamenensis	Thalassospira xiamenensis
contig_17	300f0019e52c003e5defa26315520fd164ae5f8c	k__Bacteria; p__Proteobacteria; c__Gammaproteobacteria; o__Alteromonadales; f__Alteromonadaceae; g__Marinobacter; s__	0.9531039359578896	Bacteria Proteobacteria Gammaproteobacteria Alteromonadales Alteromonadaceae Marinobacter 	Marinobacter
contig_19	bde61b5920df09b4308d16a5d9a4a0792209da07	k__Bacteria; p__Proteobacteria; c__Gammaproteobacteria; o__Oceanospirillales; f__Alcanivoracaceae; g__Alcanivorax; s__dieselolei	0.9751096991172812	Bacteria Proteobacteria Gammaproteobacteria Oceanospirillales Alcanivoracaceae Alcanivorax dieselolei	Alcanivorax dieselolei
contig_25	4bb50617598e3aa383f1ce05abe2f6369d3d0f23	k__Bacteria; p__Proteobacteria; c__Gammaproteobacteria; o__Oceanospirillales; f__Halomonadaceae; g__Haererehalobacter; s__salaria	0.7241589464723178	Bacteria Proteobacteria Gammaproteobacteria Oceanospirillales Halomonadaceae Haererehalobacter salaria	Haererehalobacter salaria
contig_27	94350aa62b847b51474fd54d84883ac2862a7fb0	k__Bacteria; p__Bacteroidetes; c__Flavobacteriia; o__Flavobacteriales; f__Flavobacteriaceae; g__Psychroserpens; s__	0.7494928196873094	Bacteria Bacteroidetes Flavobacteriia Flavobacteriales Flavobacteriaceae Psychroserpens 	Psychroserpens
contig_29	78641e958271c4aae9c82c731b9e8bc0ddedba6f	k__Bacteria; p__Bacteroidetes; c__Cytophagia; o__Cytophagales; f__Flammeovirgaceae; g__Roseivirga; s__	0.9998441467555698	Bacteria Bacteroidetes Cytophagia Cytophagales Flammeovirgaceae Roseivirga 	Roseivirga
contig_30	af5be717089b3227af0d2dd25dd212d1cce70818	k__Bacteria; p__Proteobacteria; c__Gammaproteobacteria; o__Alteromonadales; f__Alteromonadaceae; g__Marinobacter; s__	0.7805233865204159	Bacteria Proteobacteria Gammaproteobacteria Alteromonadales Alteromonadaceae Marinobacter 	Marinobacter
contig_34	510c305ec7f039aa52ac6b1bb06a4d7cc5bb194f	k__Bacteria; p__Proteobacteria; c__Alphaproteobacteria; o__Rhodobacterales; f__Rhodobacteraceae; g__Shimia	0.8921764739339699	Bacteria Proteobacteria Alphaproteobacteria Rhodobacterales Rhodobacteraceae Shimia	Shimia
contig_36	c9da016c458b6e79a522112eea31744cf9579cf5	k__Bacteria; p__Proteobacteria; c__Alphaproteobacteria; o__Sphingomonadales; f__Erythrobacteraceae; g__Erythrobacter; s__citreus	0.7305765682413163	Bacteria Proteobacteria Alphaproteobacteria Sphingomonadales Erythrobacteraceae Erythrobacter citreus	Erythrobacter citreus
contig_37	5a29ba848d931a17cb8300cc39c6ab99a7ab42a3	k__Bacteria; p__Proteobacteria; c__Gammaproteobacteria; o__Alteromonadales; f__Alteromonadaceae; g__Alteromonas; s__	0.9320077131469343	Bacteria Proteobacteria Gammaproteobacteria Alteromonadales Alteromonadaceae Alteromonas 	Alteromonas
contig_39	64310454483d7fb41d43ee44c53c74e30d884e19	k__Bacteria; p__Proteobacteria; c__Gammaproteobacteria; o__[Marinicellales]; f__[Marinicellaceae]; g__Marinicella; s__	0.9999923488670915	Bacteria Proteobacteria Gammaproteobacteria [Marinicellales] [Marinicellaceae] Marinicella 	Marinicella
contig_41	2e567db282336a5a4141fe9dcdf9845db8bbffca	k__Bacteria; p__Proteobacteria; c__Gammaproteobacteria; o__Oceanospirillales; f__Halomonadaceae; g__Chromohalobacter; s__	0.7010450839267933	Bacteria Proteobacteria Gammaproteobacteria Oceanospirillales Halomonadaceae Chromohalobacter 	Chromohalobacter
contig_43	6bcf5d784aa6c8985a5e64e1645d0ead693b56ff	k__Bacteria; p__Proteobacteria; c__Alphaproteobacteria; o__Rhodobacterales; f__Rhodobacteraceae	0.9999983298486608	Bacteria Proteobacteria Alphaproteobacteria Rhodobacterales Rhodobacteraceae	Rhodobacteraceae
contig_44	d69414b25d225d5ccfa2a5b3047c84a4427535c8	k__Bacteria; p__Proteobacteria; c__Gammaproteobacteria; o__Alteromonadales; f__Alteromonadaceae; g__Marinobacter; s__	0.7666250586615472	Bacteria Proteobacteria Gammaproteobacteria Alteromonadales Alteromonadaceae Marinobacter 	Marinobacter
contig_45	2861c470d1b14346d0fd0d1b2f7b7075ab29fcdc	k__Bacteria; p__Proteobacteria; c__Alphaproteobacteria; o__Rhodobacterales; f__Rhodobacteraceae	0.9999997927494872	Bacteria Proteobacteria Alphaproteobacteria Rhodobacterales Rhodobacteraceae	Rhodobacteraceae
contig_46	9fc4c5d96ab006502a2ffe4d22c7ef3833958bc7	k__Bacteria; p__Bacteroidetes; c__Cytophagia; o__Cytophagales; f__Flammeovirgaceae; g__; s__	0.9129803399188753	Bacteria Bacteroidetes Cytophagia Cytophagales Flammeovirgaceae  	Flammeovirgaceae
contig_48	1f1c991cc3f3a1be9b01217d37cbfa8a70ac1513	k__Bacteria; p__Proteobacteria; c__Alphaproteobacteria; o__Kiloniellales; f__Kiloniellaceae; g__Thalassospira; s__xiamenensis	0.8270876043466331	Bacteria Proteobacteria Alphaproteobacteria Kiloniellales Kiloniellaceae Thalassospira xiamenensis	Thalassospira xiamenensis
contig_50	8b58745608a92e2a51a7fdbe4a8b57fe664cbb60	k__Bacteria; p__Proteobacteria; c__Alphaproteobacteria; o__Rhodobacterales; f__Hyphomonadaceae; g__Hyphomonas; s__	0.9805685663208696	Bacteria Proteobacteria Alphaproteobacteria Rhodobacterales Hyphomonadaceae Hyphomonas 	Hyphomonas
contig_53	d8f21b93bdb22cfda62bf78e83933a794f31c57a	k__Bacteria; p__Proteobacteria; c__Alphaproteobacteria; o__Rhodobacterales; f__Hyphomonadaceae; g__Maricaulis; s__	0.9999880246301105	Bacteria Proteobacteria Alphaproteobacteria Rhodobacterales Hyphomonadaceae Maricaulis 	Maricaulis
contig_54	161618f0ca6da7ba367252d8e30641babc424fb9	k__Bacteria; p__Proteobacteria; c__Alphaproteobacteria; o__Sphingomonadales; f__Erythrobacteraceae; g__Erythrobacter	0.9728284663810098	Bacteria Proteobacteria Alphaproteobacteria Sphingomonadales Erythrobacteraceae Erythrobacter	Erythrobacter
contig_55	d8b82840ca2e0c26754d7dcebbd30bfbb28ba865	k__Bacteria; p__Proteobacteria; c__Gammaproteobacteria; o__Alteromonadales; f__Alteromonadaceae; g__Marinobacter; s__hydrocarbonoclasticus	0.7620055477406408	Bacteria Proteobacteria Gammaproteobacteria Alteromonadales Alteromonadaceae Marinobacter hydrocarbonoclasticus	Marinobacter hydrocarbonoclasticus
contig_57	315602a67281e9a77fbd938edff362a47bc4c0f5	k__Bacteria; p__Bacteroidetes; c__[Rhodothermi]; o__[Rhodothermales]; f__[Balneolaceae]; g__Balneola; s__	0.9999976502469716	Bacteria Bacteroidetes [Rhodothermi] [Rhodothermales] [Balneolaceae] Balneola 	Balneola
contig_58	15b0593c2830267b3edcdd7529b7603a80031b15	k__Bacteria; p__Proteobacteria; c__Gammaproteobacteria; o__Alteromonadales; f__Alteromonadaceae; g__Marinobacter	0.9999906863791268	Bacteria Proteobacteria Gammaproteobacteria Alteromonadales Alteromonadaceae Marinobacter	Marinobacter
contig_59	3b1bcd3d8c06793a64e148409bd0b025d38b6a4b	k__Bacteria; p__Proteobacteria; c__Alphaproteobacteria; o__Kiloniellales; f__; g__; s__	0.993886234232622	Bacteria Proteobacteria Alphaproteobacteria Kiloniellales   	Kiloniellales
contig_61	4d678c8d614b5264837f03a33221e9b20e5b0bb5	k__Bacteria; p__Proteobacteria; c__Alphaproteobacteria; o__Rhodobacterales; f__Rhodobacteraceae	0.999998416480297	Bacteria Proteobacteria Alphaproteobacteria Rhodobacterales Rhodobacteraceae	Rhodobacteraceae
contig_62	3b6c4892de82569d06d0564ee594c8696ca3d42d	k__Bacteria; p__Bacteroidetes; c__Flavobacteriia; o__Flavobacteriales; f__Flavobacteriaceae; g__; s__	0.7323778721687553	Bacteria Bacteroidetes Flavobacteriia Flavobacteriales Flavobacteriaceae  	Flavobacteriaceae
contig_63	54a24cf633298339898180b13a6fd2a4104acd7f	k__Bacteria; p__Proteobacteria; c__Gammaproteobacteria; o__Oceanospirillales; f__Alcanivoracaceae; g__Alcanivorax	0.9999912778325759	Bacteria Proteobacteria Gammaproteobacteria Oceanospirillales Alcanivoracaceae Alcanivorax	Alcanivorax
contig_69	4b42c786200b0f7cc0b14eb3925adc54aaa6b2aa	k__Bacteria; p__Proteobacteria; c__Alphaproteobacteria; o__Rhodobacterales; f__Rhodobacteraceae	0.9999956315344266	Bacteria Proteobacteria Alphaproteobacteria Rhodobacterales Rhodobacteraceae	Rhodobacteraceae
contig_70	de63bc5cec27ba4fd3286a1f3bab80ed8e3c398a	k__Bacteria; p__Proteobacteria; c__Alphaproteobacteria; o__Rhizobiales; f__Phyllobacteriaceae	0.9406404338117746	Bacteria Proteobacteria Alphaproteobacteria Rhizobiales Phyllobacteriaceae	Phyllobacteriaceae
contig_71	0769100ebdd5772bc5b4d5037eb0ef8b6169ba99	k__Bacteria; p__Bacteroidetes; c__Flavobacteriia; o__Flavobacteriales; f__Flavobacteriaceae; g__Kordia; s__	0.9975386667748307	Bacteria Bacteroidetes Flavobacteriia Flavobacteriales Flavobacteriaceae Kordia 	Kordia
contig_72	9ce6b5c4e6ca101362790b1b893dabfec191e5d1	k__Bacteria; p__Proteobacteria; c__Alphaproteobacteria; o__Rhizobiales; f__Rhizobiaceae; g__Agrobacterium; s__	0.767838387569842	Bacteria Proteobacteria Alphaproteobacteria Rhizobiales Rhizobiaceae Agrobacterium 	Agrobacterium
contig_73	72c8f652368ec988c6d3843f55de2930a870c3e1	k__Bacteria; p__Proteobacteria; c__Gammaproteobacteria; o__Alteromonadales; f__Alteromonadaceae; g__Marinobacter; s__	0.7495036370387469	Bacteria Proteobacteria Gammaproteobacteria Alteromonadales Alteromonadaceae Marinobacter 	Marinobacter
contig_74	93029188a1a89029fe63778f3d17b5ef002d51f0	k__Bacteria; p__Proteobacteria; c__Gammaproteobacteria; o__Alteromonadales; f__Alteromonadaceae; g__Alteromonas; s__	0.9670890599090476	Bacteria Proteobacteria Gammaproteobacteria Alteromonadales Alteromonadaceae Alteromonas 	Alteromonas
contig_75	06c7ca2f70ccfc2f4d2f6cc8dd2ee507faa8a2d6	k__Bacteria; p__Proteobacteria; c__Gammaproteobacteria; o__Thiotrichales; f__Piscirickettsiaceae; g__Methylophaga; s__	0.9999992351269581	Bacteria Proteobacteria Gammaproteobacteria Thiotrichales Piscirickettsiaceae Methylophaga 	Methylophaga
contig_76	8fd8327f694ec013a1c2b0db123fbeaa19760337	k__Bacteria; p__Proteobacteria; c__Gammaproteobacteria; o__Alteromonadales; f__Alteromonadaceae; g__Marinobacter; s__	0.9989518237646561	Bacteria Proteobacteria Gammaproteobacteria Alteromonadales Alteromonadaceae Marinobacter 	Marinobacter
contig_77	ec0343a9e6223070f4022bda36544a255a1e3dac	k__Bacteria; p__Bacteroidetes; c__Flavobacteriia; o__Flavobacteriales; f__Flavobacteriaceae; g__Muricauda; s__	0.9998604351510377	Bacteria Bacteroidetes Flavobacteriia Flavobacteriales Flavobacteriaceae Muricauda 	Muricauda
contig_78	a7de340b756c94806ad0dc771bfc3e62c660ec8a	k__Bacteria; p__Proteobacteria; c__Gammaproteobacteria; o__Alteromonadales; f__Alteromonadaceae; g__Marinobacter; s__	0.8639808378044832	Bacteria Proteobacteria Gammaproteobacteria Alteromonadales Alteromonadaceae Marinobacter 	Marinobacter
contig_79	f3ac16ffa98dfa0f1c5b7c8c7a9cad25c947a21a	k__Bacteria; p__Bacteroidetes; c__Flavobacteriia; o__Flavobacteriales; f__Flavobacteriaceae; g__Muricauda; s__	0.846705889769841	Bacteria Bacteroidetes Flavobacteriia Flavobacteriales Flavobacteriaceae Muricauda 	Muricauda
contig_80	c627b2c9d00c804e43cfefc3ce4f81eb480739f4	k__Bacteria; p__Bacteroidetes; c__Flavobacteriia; o__Flavobacteriales; f__Flavobacteriaceae; g__Muricauda; s__	0.9998786977326285	Bacteria Bacteroidetes Flavobacteriia Flavobacteriales Flavobacteriaceae Muricauda 	Muricauda
contig_81	720726a533e2e6e4f933f92b470ea7f64dd1727f	k__Bacteria; p__Proteobacteria; c__Gammaproteobacteria; o__Alteromonadales; f__Alteromonadaceae; g__Marinobacter; s__hydrocarbonoclasticus	0.8403868106498545	Bacteria Proteobacteria Gammaproteobacteria Alteromonadales Alteromonadaceae Marinobacter hydrocarbonoclasticus	Marinobacter hydrocarbonoclasticus
contig_82	031a23c740bcf047c85fd29fb9b75822ea473a09	k__Bacteria; p__Bacteroidetes; c__Flavobacteriia; o__Flavobacteriales; f__Flavobacteriaceae; g__Aureitalea; s__marina	0.9999359396485841	Bacteria Bacteroidetes Flavobacteriia Flavobacteriales Flavobacteriaceae Aureitalea marina	Aureitalea marina
contig_83	1acc3c0be315bdc4a546b09762acace469c154c7	k__Bacteria; p__Proteobacteria; c__Alphaproteobacteria; o__Rhodobacterales; f__Rhodobacteraceae; g__Thalassobius; s__mediterraneus	0.8633267907180272	Bacteria Proteobacteria Alphaproteobacteria Rhodobacterales Rhodobacteraceae Thalassobius mediterraneus	Thalassobius mediterraneus
contig_84	32f53fa0d3b235ce3262c44a6312e06d1e67089d	k__Bacteria; p__Proteobacteria; c__Alphaproteobacteria; o__Rhodobacterales; f__Hyphomonadaceae; g__; s__	0.9119060364671241	Bacteria Proteobacteria Alphaproteobacteria Rhodobacterales Hyphomonadaceae  	Hyphomonadaceae
contig_87	be1f223c05e03b81eea2c9fc5298e5784b8f4919	k__Bacteria; p__Proteobacteria; c__Alphaproteobacteria; o__Rhodobacterales; f__Rhodobacteraceae; g__Shimia	0.7229539715958805	Bacteria Proteobacteria Alphaproteobacteria Rhodobacterales Rhodobacteraceae Shimia	Shimia
contig_88	c67976c7ea2768a559b261980cf425f3ed26c188	k__Bacteria; p__Proteobacteria; c__Alphaproteobacteria; o__Rhodobacterales; f__Rhodobacteraceae	0.9999988027608178	Bacteria Proteobacteria Alphaproteobacteria Rhodobacterales Rhodobacteraceae	Rhodobacteraceae
contig_92	729055e2826d6fb3d6559d80b0b094a19615caab	k__Bacteria; p__Proteobacteria; c__Gammaproteobacteria; o__Oceanospirillales; f__Alcanivoracaceae; g__Alcanivorax; s__venustensis	0.9745664769324305	Bacteria Proteobacteria Gammaproteobacteria Oceanospirillales Alcanivoracaceae Alcanivorax venustensis	Alcanivorax venustensis
contig_93	07058e2dd1b3452dc7e5193af0dcdbb41e95c359	k__Bacteria; p__Bacteroidetes; c__Flavobacteriia; o__Flavobacteriales; f__Flavobacteriaceae	0.9999895688450592	Bacteria Bacteroidetes Flavobacteriia Flavobacteriales Flavobacteriaceae	Flavobacteriaceae
contig_95	d373463659e93ac4d39b36e60b73b9d56ca287cf	k__Bacteria; p__Planctomycetes; c__Phycisphaerae; o__Phycisphaerales; f__; g__; s__	0.9719782146250461	Bacteria Planctomycetes Phycisphaerae Phycisphaerales   	Phycisphaerales
contig_97	ce095f0f81bc5dc540b4951cbc8955bb7821e144	k__Bacteria; p__Bacteroidetes; c__Flavobacteriia; o__Flavobacteriales; f__Flavobacteriaceae	0.9993790998848305	Bacteria Bacteroidetes Flavobacteriia Flavobacteriales Flavobacteriaceae	Flavobacteriaceae
contig_98	6d9b48c11696f9c3e53a17f44c763a6fdb861db8	k__Bacteria; p__Proteobacteria; c__Gammaproteobacteria; o__Oceanospirillales; f__Alcanivoracaceae; g__Alcanivorax; s__	0.999993219637269	Bacteria Proteobacteria Gammaproteobacteria Oceanospirillales Alcanivoracaceae Alcanivorax 	Alcanivorax
contig_99	6d5c5e729860604ddc7323b8bf0b8db69d7e3efc	k__Bacteria; p__Proteobacteria; c__Alphaproteobacteria; o__Kiloniellales; f__Kiloniellaceae; g__Thalassospira; s__xiamenensis	0.7846625834363081	Bacteria Proteobacteria Alphaproteobacteria Kiloniellales Kiloniellaceae Thalassospira xiamenensis	Thalassospira xiamenensis
contig_101	6e2877d709a8a74702e468e5f9b0be1444a53af8	k__Bacteria; p__Proteobacteria; c__Alphaproteobacteria; o__Rhodobacterales; f__Hyphomonadaceae; g__Oceanicaulis; s__	0.9996565453515079	Bacteria Proteobacteria Alphaproteobacteria Rhodobacterales Hyphomonadaceae Oceanicaulis 	Oceanicaulis
contig_102	0a3c10340405666532141034d5a817e46bb8e953	k__Bacteria; p__Proteobacteria; c__Alphaproteobacteria; o__Kiloniellales; f__Kiloniellaceae; g__Thalassospira; s__xiamenensis	0.7350731594648029	Bacteria Proteobacteria Alphaproteobacteria Kiloniellales Kiloniellaceae Thalassospira xiamenensis	Thalassospira xiamenensis
contig_104	a3ae217bef067b40aff6d31f29fe7f25260d3278	k__Bacteria; p__Proteobacteria; c__Alphaproteobacteria; o__Rhodobacterales; f__Rhodobacteraceae; g__Thalassobius; s__mediterraneus	0.8063812939848728	Bacteria Proteobacteria Alphaproteobacteria Rhodobacterales Rhodobacteraceae Thalassobius mediterraneus	Thalassobius mediterraneus
contig_105	628a971b140ad4e4e7550b1fe8689312a17e78d5	k__Bacteria; p__Proteobacteria; c__Alphaproteobacteria; o__Rhodobacterales; f__Hyphomonadaceae; g__Oceanicaulis; s__	0.999903784264846	Bacteria Proteobacteria Alphaproteobacteria Rhodobacterales Hyphomonadaceae Oceanicaulis 	Oceanicaulis
contig_106	80d2fc8b2d1bccb842b680a6d5757dc6535733fe	k__Bacteria; p__Proteobacteria; c__Alphaproteobacteria; o__Rhizobiales; f__Hyphomicrobiaceae; g__Labrenzia; s__aggregata	0.7324429640682215	Bacteria Proteobacteria Alphaproteobacteria Rhizobiales Hyphomicrobiaceae Labrenzia aggregata	Labrenzia aggregata
contig_107	07e1f286b121bd311e2f59c627ff7998af66c220	k__Bacteria; p__Proteobacteria; c__Gammaproteobacteria	0.9989456186491221	Bacteria Proteobacteria Gammaproteobacteria	Gammaproteobacteria
contig_108	8dd447bda22f13d0840f036eb88b035cc08c75af	k__Bacteria; p__Bacteroidetes; c__Flavobacteriia; o__Flavobacteriales; f__Flavobacteriaceae; g__Psychroserpens; s__	0.7883746138781744	Bacteria Bacteroidetes Flavobacteriia Flavobacteriales Flavobacteriaceae Psychroserpens 	Psychroserpens
contig_109	d7742c83992de70ce648ee349b7cef4da2c23fc7	k__Bacteria; p__Proteobacteria; c__Alphaproteobacteria	0.9783621449207103	Bacteria Proteobacteria Alphaproteobacteria	Alphaproteobacteria
contig_110	904053b16ba315e213073c3551328032ab81ba4c	k__Bacteria; p__Bacteroidetes; c__Cytophagia; o__Cytophagales; f__Flammeovirgaceae; g__; s__	0.9071649802229034	Bacteria Bacteroidetes Cytophagia Cytophagales Flammeovirgaceae  	Flammeovirgaceae
contig_111	1b2de99eaf2c31fd3b601b91805deb99adf3850b	k__Bacteria; p__Proteobacteria; c__Gammaproteobacteria; o__Thiotrichales; f__Piscirickettsiaceae; g__Methylophaga; s__	0.9999877878061534	Bacteria Proteobacteria Gammaproteobacteria Thiotrichales Piscirickettsiaceae Methylophaga 	Methylophaga
contig_112	28c624c1b66ef167290bdc3022fdaca517ec71d1	k__Bacteria; p__Proteobacteria; c__Alphaproteobacteria; o__Rhizobiales; f__Phyllobacteriaceae; g__Nitratireductor; s__	0.9935651028741165	Bacteria Proteobacteria Alphaproteobacteria Rhizobiales Phyllobacteriaceae Nitratireductor 	Nitratireductor
contig_113	2f0e444aae462a2a420bad29cfc267394edc64e9	k__Bacteria; p__Bacteroidetes; c__Flavobacteriia; o__Flavobacteriales; f__Flavobacteriaceae; g__Winogradskyella; s__poriferorum	0.9661552034987335	Bacteria Bacteroidetes Flavobacteriia Flavobacteriales Flavobacteriaceae Winogradskyella poriferorum	Winogradskyella poriferorum
contig_115	25571329ccc338787c8d22b0a556d44f73831988	k__Bacteria; p__Bacteroidetes; c__Flavobacteriia; o__Flavobacteriales; f__Flavobacteriaceae; g__Leeuwenhoekiella; s__marinoflava	0.9999376425752516	Bacteria Bacteroidetes Flavobacteriia Flavobacteriales Flavobacteriaceae Leeuwenhoekiella marinoflava	Leeuwenhoekiella marinoflava
contig_116	cf3d32288c62b3ad6b74a2170e2c27a0419b27cc	k__Bacteria; p__Bacteroidetes; c__Flavobacteriia; o__Flavobacteriales; f__Flavobacteriaceae; g__Robiginitalea; s__	0.9999447507942898	Bacteria Bacteroidetes Flavobacteriia Flavobacteriales Flavobacteriaceae Robiginitalea 	Robiginitalea
contig_119	7c91ab1201ba9a4e351d07595743510a95da7e47	k__Bacteria; p__Proteobacteria; c__Alphaproteobacteria; o__Rhodobacterales; f__Hyphomonadaceae; g__; s__	0.813712939598151	Bacteria Proteobacteria Alphaproteobacteria Rhodobacterales Hyphomonadaceae  	Hyphomonadaceae
contig_120	bb3516998d05d51d9f17dc463c8b1a8b918a506d	k__Bacteria; p__Bacteroidetes; c__Flavobacteriia; o__Flavobacteriales; f__Flavobacteriaceae; g__Gilvibacter; s__sediminis	0.996657687587714	Bacteria Bacteroidetes Flavobacteriia Flavobacteriales Flavobacteriaceae Gilvibacter sediminis	Gilvibacter sediminis
contig_121	0d48ec8227a25617333999d974033f71d9c1b2a4	k__Bacteria; p__Proteobacteria; c__Alphaproteobacteria; o__Kiloniellales; f__; g__; s__	0.9921602449027584	Bacteria Proteobacteria Alphaproteobacteria Kiloniellales   	Kiloniellales
contig_125	6d50176e1582b4f52bc012f981b457bf49d57daa	k__Bacteria; p__Proteobacteria; c__Alphaproteobacteria; o__Rhodobacterales; f__Rhodobacteraceae	0.9999996792563922	Bacteria Proteobacteria Alphaproteobacteria Rhodobacterales Rhodobacteraceae	Rhodobacteraceae
contig_128	3e7d641184b0a37ba0a323b1b5809c58f4f0e7ba	k__Bacteria; p__Proteobacteria; c__Alphaproteobacteria; o__Rhizobiales; f__Phyllobacteriaceae; g__; s__	0.79620626675316	Bacteria Proteobacteria Alphaproteobacteria Rhizobiales Phyllobacteriaceae  	Phyllobacteriaceae
contig_129	867a3bbf87fa8da1e6008e1100da8476de9fd6d4	k__Bacteria; p__Proteobacteria; c__Alphaproteobacteria; o__Rhodobacterales; f__Hyphomonadaceae	0.9999949932866868	Bacteria Proteobacteria Alphaproteobacteria Rhodobacterales Hyphomonadaceae	Hyphomonadaceae
contig_130	b2eaef5113594bd95c8b133b612cee50c5d871d7	k__Bacteria; p__Planctomycetes; c__Phycisphaerae; o__Phycisphaerales; f__; g__; s__	0.9854789611895961	Bacteria Planctomycetes Phycisphaerae Phycisphaerales   	Phycisphaerales
contig_131	c8178f5a1ae22590dd03942046b24fc1200bdd2a	k__Bacteria; p__Bacteroidetes; c__Flavobacteriia; o__Flavobacteriales; f__Flavobacteriaceae; g__Tenacibaculum; s__	0.994506099576942	Bacteria Bacteroidetes Flavobacteriia Flavobacteriales Flavobacteriaceae Tenacibaculum 	Tenacibaculum
contig_132	7bd1cf697292422ec98662f081c86931f9718acf	k__Bacteria; p__Proteobacteria; c__Alphaproteobacteria; o__Rhodobacterales; f__Rhodobacteraceae; g__Sulfitobacter; s__litoralis	0.7774055116037183	Bacteria Proteobacteria Alphaproteobacteria Rhodobacterales Rhodobacteraceae Sulfitobacter litoralis	Sulfitobacter litoralis
contig_133	08ce6038c62f1e0e7b1a0244521f65814d1bb141	k__Bacteria; p__Proteobacteria; c__Alphaproteobacteria; o__Rhodobacterales; f__Rhodobacteraceae	0.9999985447503993	Bacteria Proteobacteria Alphaproteobacteria Rhodobacterales Rhodobacteraceae	Rhodobacteraceae
contig_134	365f4031f0574305f02a3607afcf3ce2bde6a7dc	k__Bacteria; p__Bacteroidetes; c__[Rhodothermi]; o__[Rhodothermales]; f__[Balneolaceae]; g__KSA1; s__	0.9997675879095558	Bacteria Bacteroidetes [Rhodothermi] [Rhodothermales] [Balneolaceae] KSA1 	Balneolaceae KSA1
contig_138	8fc1ec4edfb8995ed034bf172497fefcafc2fe15	k__Bacteria; p__Bacteroidetes; c__Flavobacteriia; o__Flavobacteriales; f__Flavobacteriaceae	0.9999999330982364	Bacteria Bacteroidetes Flavobacteriia Flavobacteriales Flavobacteriaceae	Flavobacteriaceae
contig_140	68d7a6228f2d1e562e7eb2d44694dbe928b059b3	k__Bacteria; p__Proteobacteria; c__Gammaproteobacteria; o__Thiotrichales; f__Piscirickettsiaceae; g__Methylophaga; s__	0.9999879351495267	Bacteria Proteobacteria Gammaproteobacteria Thiotrichales Piscirickettsiaceae Methylophaga 	Methylophaga
contig_143	a216f204b549d48deda3e44dfc03fd1d130b5350	k__Bacteria; p__Proteobacteria; c__Alphaproteobacteria; o__Rhodobacterales; f__Rhodobacteraceae	0.9999882921478908	Bacteria Proteobacteria Alphaproteobacteria Rhodobacterales Rhodobacteraceae	Rhodobacteraceae
contig_144	ec081a61acd16ccdc967ba467890765717a34e95	k__Bacteria; p__Proteobacteria; c__Alphaproteobacteria; o__Rhodobacterales; f__Rhodobacteraceae; g__Ruegeria; s__lacuscaerulensis	0.866911961197243	Bacteria Proteobacteria Alphaproteobacteria Rhodobacterales Rhodobacteraceae Ruegeria lacuscaerulensis	Ruegeria lacuscaerulensis
contig_145	e8807927ab01b054911f7d26bf2add66ced5be70	k__Bacteria; p__SBR1093; c__A712011; o__; f__; g__; s__	0.999996168525094	Bacteria SBR1093 A712011    	SBR1093 A712011
contig_146	99ac23ac7de7703203dc0cf77c841e745ffe3821	k__Bacteria; p__Proteobacteria; c__Alphaproteobacteria; o__Rhodobacterales; f__Hyphomonadaceae; g__Maricaulis; s__	0.9999900806440953	Bacteria Proteobacteria Alphaproteobacteria Rhodobacterales Hyphomonadaceae Maricaulis 	Maricaulis
contig_147	3f23d501caba38b2143fe56f2f7ef717265696cd	k__Bacteria; p__Bacteroidetes; c__Flavobacteriia; o__Flavobacteriales; f__Flavobacteriaceae	0.999950263380394	Bacteria Bacteroidetes Flavobacteriia Flavobacteriales Flavobacteriaceae	Flavobacteriaceae
contig_148	d87d88f9701b58be85d74e33de924ca6e97d80bd	k__Bacteria; p__Proteobacteria; c__Alphaproteobacteria	0.9796904598354821	Bacteria Proteobacteria Alphaproteobacteria	Alphaproteobacteria
contig_149	95b69a76096eabc74de5c09a64b16705a47df07e	k__Bacteria; p__Proteobacteria; c__Alphaproteobacteria; o__Rhizobiales; f__Phyllobacteriaceae; g__Hoeflea	0.9866530938349278	Bacteria Proteobacteria Alphaproteobacteria Rhizobiales Phyllobacteriaceae Hoeflea	Hoeflea
contig_153	8b008cbc8b62c9ec81f91de44c8e32e29f6c03e4	k__Bacteria; p__Proteobacteria; c__Alphaproteobacteria; o__; f__; g__; s__	0.7862846260603312	Bacteria Proteobacteria Alphaproteobacteria    	Alphaproteobacteria
contig_154	8e58a21646ea38203eb624af3215b070b409322c	k__Bacteria; p__Proteobacteria; c__Gammaproteobacteria; o__Alteromonadales; f__HTCC2188; g__HTCC; s__	0.999497116813086	Bacteria Proteobacteria Gammaproteobacteria Alteromonadales HTCC2188 HTCC 	Alteromonadales HTCC2188 HTCC
contig_159	02e4bec9ed20bee6ece6416ddbbadf3c30c7cb64	k__Bacteria; p__Proteobacteria; c__Alphaproteobacteria; o__Rhodobacterales; f__Rhodobacteraceae	0.9999943190701829	Bacteria Proteobacteria Alphaproteobacteria Rhodobacterales Rhodobacteraceae	Rhodobacteraceae
contig_160	f93cdc184e02ea5168d9d17fc9a1239fac9e895d	k__Bacteria; p__Proteobacteria; c__Alphaproteobacteria; o__Sphingomonadales; f__; g__; s__	0.882241487172177	Bacteria Proteobacteria Alphaproteobacteria Sphingomonadales   	Sphingomonadales
contig_161	bcc0866fe9efadadf80bd3f5439e742497161a43	k__Bacteria; p__Proteobacteria; c__Alphaproteobacteria; o__Rhodobacterales; f__Hyphomonadaceae; g__Maricaulis; s__	0.9999896559050792	Bacteria Proteobacteria Alphaproteobacteria Rhodobacterales Hyphomonadaceae Maricaulis 	Maricaulis
contig_163	14ae6d28205288fbc05cd0a1a270f1d642f88264	k__Bacteria; p__Bacteroidetes; c__Flavobacteriia; o__Flavobacteriales; f__Flavobacteriaceae; g__Muricauda; s__	0.9999439751990745	Bacteria Bacteroidetes Flavobacteriia Flavobacteriales Flavobacteriaceae Muricauda 	Muricauda
contig_164	3e252083f89ea39bef3626bf6ca7f0cefc3e3fe8	k__Bacteria; p__Proteobacteria; c__Alphaproteobacteria; o__Rhizobiales; f__Phyllobacteriaceae	0.9416487431329409	Bacteria Proteobacteria Alphaproteobacteria Rhizobiales Phyllobacteriaceae	Phyllobacteriaceae
contig_165	c77fa78ab03905b11dff16797406e028f455ceea	k__Bacteria; p__Proteobacteria; c__Alphaproteobacteria; o__Kiloniellales; f__Kiloniellaceae; g__Thalassospira	0.9999998029175196	Bacteria Proteobacteria Alphaproteobacteria Kiloniellales Kiloniellaceae Thalassospira	Thalassospira
contig_167	12ac5baddc804044642dfea959cb121a63d88202	k__Bacteria; p__Bacteroidetes; c__Flavobacteriia; o__Flavobacteriales; f__Flavobacteriaceae; g__Muricauda; s__	0.999898566498727	Bacteria Bacteroidetes Flavobacteriia Flavobacteriales Flavobacteriaceae Muricauda 	Muricauda
contig_169	832934deee3decdb151869ddbddccbd61fb994a7	k__Bacteria; p__Proteobacteria; c__Alphaproteobacteria	0.982261261170263	Bacteria Proteobacteria Alphaproteobacteria	Alphaproteobacteria
contig_170	df1c0633211089266e862a57ec28073c80d60615	k__Bacteria; p__Proteobacteria; c__Gammaproteobacteria; o__Alteromonadales; f__Alteromonadaceae; g__Marinobacter; s__	0.9480397161838844	Bacteria Proteobacteria Gammaproteobacteria Alteromonadales Alteromonadaceae Marinobacter 	Marinobacter
contig_171	342238f34237e68c845eedd07a772f02d9c6914c	k__Bacteria; p__Bacteroidetes; c__Flavobacteriia; o__Flavobacteriales; f__Flavobacteriaceae; g__Croceibacter; s__atlanticus	0.9999998511917565	Bacteria Bacteroidetes Flavobacteriia Flavobacteriales Flavobacteriaceae Croceibacter atlanticus	Croceibacter atlanticus
contig_172	7484f46355d3f26475b8efe206902d679e766f49	k__Bacteria; p__Spirochaetes; c__[Leptospirae]; o__[Leptospirales]; f__Leptospiraceae; g__Leptonema; s__	0.9941580093584957	Bacteria Spirochaetes [Leptospirae] [Leptospirales] Leptospiraceae Leptonema 	Leptonema
contig_173	549769d99ecb65f83f9b5a0dccf8f16bc2208bc7	k__Bacteria; p__Proteobacteria; c__Alphaproteobacteria; o__Rhodobacterales; f__Hyphomonadaceae; g__Hyphomonas; s__oceanitis	0.962674961111698	Bacteria Proteobacteria Alphaproteobacteria Rhodobacterales Hyphomonadaceae Hyphomonas oceanitis	Hyphomonas oceanitis
contig_174	35cb1ff7219a29ae23b7326fcb82ab818451c6d9	k__Bacteria; p__Proteobacteria; c__Alphaproteobacteria	0.9988137780935531	Bacteria Proteobacteria Alphaproteobacteria	Alphaproteobacteria
contig_175	f50cd322335b57c083e19e996863caa538e1c227	k__Bacteria; p__Bacteroidetes; c__Flavobacteriia; o__Flavobacteriales; f__Flavobacteriaceae; g__Winogradskyella; s__poriferorum	0.806247555106359	Bacteria Bacteroidetes Flavobacteriia Flavobacteriales Flavobacteriaceae Winogradskyella poriferorum	Winogradskyella poriferorum
contig_176	12446cfb4d40d371e7637c0b8474d4b2640a03ad	k__Bacteria; p__Proteobacteria; c__Alphaproteobacteria; o__Rhodobacterales; f__Rhodobacteraceae	0.9999997548293614	Bacteria Proteobacteria Alphaproteobacteria Rhodobacterales Rhodobacteraceae	Rhodobacteraceae
contig_177	b1386cfc97109d19905cefb1aad7836367e7c8ae	k__Bacteria; p__Proteobacteria; c__Gammaproteobacteria; o__Thiotrichales; f__Piscirickettsiaceae; g__Methylophaga; s__	0.9999823339590361	Bacteria Proteobacteria Gammaproteobacteria Thiotrichales Piscirickettsiaceae Methylophaga 	Methylophaga
contig_181	889cd4d3aa8927e3ac7a8c3069178aeb17629be1	k__Bacteria; p__Proteobacteria; c__Alphaproteobacteria; o__Rhodobacterales; f__Rhodobacteraceae	0.9999997992929494	Bacteria Proteobacteria Alphaproteobacteria Rhodobacterales Rhodobacteraceae	Rhodobacteraceae
contig_185	ecb9cbc274716e5339d6137919aaef47ab472a21	k__Bacteria; p__Bacteroidetes; c__Flavobacteriia; o__Flavobacteriales; f__Flavobacteriaceae; g__Gilvibacter; s__sediminis	0.9874028739180453	Bacteria Bacteroidetes Flavobacteriia Flavobacteriales Flavobacteriaceae Gilvibacter sediminis	Gilvibacter sediminis
contig_187	48022f01a4fde18279e3c5fea5be0a878c2f4f1a	k__Bacteria; p__Proteobacteria; c__Alphaproteobacteria; o__Rhodobacterales; f__Rhodobacteraceae	0.9999941499346434	Bacteria Proteobacteria Alphaproteobacteria Rhodobacterales Rhodobacteraceae	Rhodobacteraceae
contig_191	3fdf862952724c7296a2a6f30511456dc0efa760	k__Bacteria; p__Proteobacteria; c__Alphaproteobacteria; o__; f__; g__; s__	0.817781721296979	Bacteria Proteobacteria Alphaproteobacteria    	Alphaproteobacteria
contig_199	51912b32392052ba67116bedaa15213a134a8631	k__Bacteria; p__Proteobacteria; c__Alphaproteobacteria; o__Sphingomonadales; f__Sphingomonadaceae; g__Sphingopyxis; s__	0.9929977566347807	Bacteria Proteobacteria Alphaproteobacteria Sphingomonadales Sphingomonadaceae Sphingopyxis 	Sphingopyxis
contig_201	5c983492e21b0c0edb30c83f379124ecdc4d3d01	k__Bacteria; p__Bacteroidetes; c__Flavobacteriia; o__Flavobacteriales; f__Flavobacteriaceae	0.999989730143387	Bacteria Bacteroidetes Flavobacteriia Flavobacteriales Flavobacteriaceae	Flavobacteriaceae
contig_203	801bab4e96f5552b83d65b2dcf07fe17dca92b32	k__Bacteria; p__Proteobacteria; c__Alphaproteobacteria; o__Kiloniellales; f__; g__; s__	0.9889266702162867	Bacteria Proteobacteria Alphaproteobacteria Kiloniellales   	Kiloniellales
contig_204	e0fd97f2a0b99a6e627b5e8f664ea9d2029415c0	k__Bacteria; p__Proteobacteria; c__Alphaproteobacteria; o__Rhodobacterales; f__Rhodobacteraceae; g__Sulfitobacter	0.9162198266468374	Bacteria Proteobacteria Alphaproteobacteria Rhodobacterales Rhodobacteraceae Sulfitobacter	Sulfitobacter
contig_207	1d4f286582461622d8877413a23b6e09b277fd87	k__Bacteria; p__Proteobacteria; c__Alphaproteobacteria; o__Sphingomonadales; f__Erythrobacteraceae	0.9933357079555342	Bacteria Proteobacteria Alphaproteobacteria Sphingomonadales Erythrobacteraceae	Erythrobacteraceae
contig_208	845a2064b5d70eec27773b774c65d549ad743f64	k__Bacteria; p__Proteobacteria; c__Alphaproteobacteria; o__Rhodobacterales; f__Rhodobacteraceae	0.9999995914040094	Bacteria Proteobacteria Alphaproteobacteria Rhodobacterales Rhodobacteraceae	Rhodobacteraceae
contig_209	6709759d656842889fd675cfee49b95927281d96	k__Bacteria; p__Proteobacteria; c__Alphaproteobacteria; o__Rhizobiales; f__Hyphomicrobiaceae; g__Parvibaculum; s__	0.9999963378242267	Bacteria Proteobacteria Alphaproteobacteria Rhizobiales Hyphomicrobiaceae Parvibaculum 	Parvibaculum
contig_210	d914b7b04b6f67d7e37f5360626220cbbdce2f24	k__Bacteria; p__Proteobacteria; c__Gammaproteobacteria; o__Oceanospirillales; f__Alcanivoracaceae; g__Alcanivorax	0.9999438202995516	Bacteria Proteobacteria Gammaproteobacteria Oceanospirillales Alcanivoracaceae Alcanivorax	Alcanivorax
contig_213	1d2fb2a36375a555b2e8d24785a9888ea57b6306	k__Bacteria; p__Bacteroidetes; c__Cytophagia; o__Cytophagales; f__Flammeovirgaceae; g__; s__	0.8438918885259953	Bacteria Bacteroidetes Cytophagia Cytophagales Flammeovirgaceae  	Flammeovirgaceae
contig_219	93301049da2237ef43d875084e0fd5a348ae3388	k__Bacteria; p__Proteobacteria; c__Alphaproteobacteria; o__Rhizobiales; f__Aurantimonadaceae; g__Aurantimonas; s__	0.8755126165827083	Bacteria Proteobacteria Alphaproteobacteria Rhizobiales Aurantimonadaceae Aurantimonas 	Aurantimonas
contig_221	b06f57c300abcf1b623d2684a1b72a05baaa8d7a	k__Bacteria; p__Proteobacteria; c__Gammaproteobacteria; o__Oceanospirillales; f__Halomonadaceae; g__Halomonas; s__	0.9816433129662744	Bacteria Proteobacteria Gammaproteobacteria Oceanospirillales Halomonadaceae Halomonas 	Halomonas
contig_226	e51085d87540c40210b71a02029f9d9bc8ebc1fb	k__Bacteria; p__Bacteroidetes; c__[Rhodothermi]; o__[Rhodothermales]; f__[Balneolaceae]; g__Balneola; s__	0.9999978194813549	Bacteria Bacteroidetes [Rhodothermi] [Rhodothermales] [Balneolaceae] Balneola 	Balneola
contig_227	2e1319014d3756531e387b88c187ca2247a7fa08	k__Bacteria; p__Proteobacteria; c__Alphaproteobacteria; o__Kiloniellales; f__; g__; s__	0.9856397100410723	Bacteria Proteobacteria Alphaproteobacteria Kiloniellales   	Kiloniellales
contig_230	e9e1926ee348c07633920ba2ae8f035d30626636	k__Bacteria; p__Bacteroidetes; c__Flavobacteriia; o__Flavobacteriales; f__; g__; s__	0.8176563436237195	Bacteria Bacteroidetes Flavobacteriia Flavobacteriales   	Flavobacteriales
contig_234	b8c047138736c6f21cf0d47719a6ce7ae2efe45b	k__Bacteria; p__Bacteroidetes; c__Flavobacteriia; o__Flavobacteriales; f__Flavobacteriaceae	0.9999990730822039	Bacteria Bacteroidetes Flavobacteriia Flavobacteriales Flavobacteriaceae	Flavobacteriaceae
contig_235	1d264d03a24cecd55b3b95b875192abe2ca45de5	k__Bacteria; p__Bacteroidetes; c__[Rhodothermi]; o__[Rhodothermales]; f__[Balneolaceae]; g__Balneola; s__	0.995998558017464	Bacteria Bacteroidetes [Rhodothermi] [Rhodothermales] [Balneolaceae] Balneola 	Balneola
contig_236	b31ec8dbad054fcdf9a7c35b0e3037a584e70e23	k__Bacteria; p__Proteobacteria; c__Alphaproteobacteria; o__Rhodobacterales; f__Rhodobacteraceae	0.9999972170494932	Bacteria Proteobacteria Alphaproteobacteria Rhodobacterales Rhodobacteraceae	Rhodobacteraceae
contig_240	21695678c370ccce1906b3fd15f5dec5992722b3	k__Bacteria; p__Proteobacteria; c__Gammaproteobacteria; o__Thiotrichales; f__Piscirickettsiaceae; g__Methylophaga; s__	0.9999729594355671	Bacteria Proteobacteria Gammaproteobacteria Thiotrichales Piscirickettsiaceae Methylophaga 	Methylophaga
contig_247	e746b073ac3f81662926a1428954cbaf74945612	k__Bacteria; p__Bacteroidetes; c__Cytophagia; o__Cytophagales; f__Flammeovirgaceae; g__Roseivirga; s__	0.9999591472285448	Bacteria Bacteroidetes Cytophagia Cytophagales Flammeovirgaceae Roseivirga 	Roseivirga
contig_251	cca3c573992dd4e34384333d29013f83b684e881	k__Bacteria; p__Proteobacteria; c__Alphaproteobacteria; o__Rhodospirillales; f__Rhodospirillaceae	0.8623548521398179	Bacteria Proteobacteria Alphaproteobacteria Rhodospirillales Rhodospirillaceae	Rhodospirillaceae
contig_252	44dfbfc9f8bccec9af9ed303a0c5440fb66013b2	k__Bacteria; p__Proteobacteria; c__Gammaproteobacteria; o__Alteromonadales; f__OM60; g__; s__	0.9996378275471256	Bacteria Proteobacteria Gammaproteobacteria Alteromonadales OM60  	Alteromonadales OM60
contig_253	f75586465c014784dad0264dfee2c19f40456dfa	k__Bacteria; p__Proteobacteria; c__Gammaproteobacteria; o__Thiotrichales; f__Piscirickettsiaceae; g__Methylophaga; s__	0.999998720720549	Bacteria Proteobacteria Gammaproteobacteria Thiotrichales Piscirickettsiaceae Methylophaga 	Methylophaga
contig_254	434e4767e87bfb4ee526d1022adfd95302c71177	k__Bacteria; p__Proteobacteria; c__Alphaproteobacteria; o__Rhodobacterales; f__Hyphomonadaceae; g__Oceanicaulis; s__	0.9997485843143126	Bacteria Proteobacteria Alphaproteobacteria Rhodobacterales Hyphomonadaceae Oceanicaulis 	Oceanicaulis
contig_261	b3d5ea299486af1706e18513218757ed6a69b8ce	k__Bacteria; p__Proteobacteria; c__Alphaproteobacteria; o__Rhodobacterales; f__Rhodobacteraceae	0.9999962202675797	Bacteria Proteobacteria Alphaproteobacteria Rhodobacterales Rhodobacteraceae	Rhodobacteraceae
contig_263	75d7a2d6072fcd5e33cb50d3721b70106aab73c8	k__Bacteria; p__Proteobacteria; c__Alphaproteobacteria; o__Rhodobacterales; f__Rhodobacteraceae	0.9999997622654297	Bacteria Proteobacteria Alphaproteobacteria Rhodobacterales Rhodobacteraceae	Rhodobacteraceae
contig_265	1d637f5dfaa61c8580956f4f2ddb0b8a3a82c416	k__Bacteria; p__Proteobacteria; c__Alphaproteobacteria; o__Rhizobiales; f__Hyphomicrobiaceae; g__Labrenzia	0.8976849519890304	Bacteria Proteobacteria Alphaproteobacteria Rhizobiales Hyphomicrobiaceae Labrenzia	Labrenzia
contig_266	8f827b6d59d8ab77ab6d29d4c67acc44d7098fc4	k__Bacteria; p__Proteobacteria; c__Alphaproteobacteria	0.959590468711702	Bacteria Proteobacteria Alphaproteobacteria	Alphaproteobacteria
contig_267	92fc50abdbc4e1f35e3805b60c248c80ba56450a	k__Bacteria; p__Proteobacteria; c__Alphaproteobacteria	0.997460754144485	Bacteria Proteobacteria Alphaproteobacteria	Alphaproteobacteria
contig_268	bd158c2e9e5a150f93eae61ff7750db168bde4f2	k__Bacteria; p__Proteobacteria; c__Alphaproteobacteria; o__Rhodobacterales; f__Hyphomonadaceae; g__Maricaulis; s__	0.9999662136207881	Bacteria Proteobacteria Alphaproteobacteria Rhodobacterales Hyphomonadaceae Maricaulis 	Maricaulis
contig_270	dd27c9941deddf77756998c298517712f238d78e	k__Bacteria; p__Proteobacteria; c__Alphaproteobacteria; o__Rhizobiales; f__Phyllobacteriaceae; g__Nitratireductor; s__	0.9993114637814027	Bacteria Proteobacteria Alphaproteobacteria Rhizobiales Phyllobacteriaceae Nitratireductor 	Nitratireductor
contig_276	9ec99d70b29a077c65227e513b9a5a0336a79a1d	k__Bacteria; p__Proteobacteria; c__Alphaproteobacteria; o__Rhodobacterales; f__Hyphomonadaceae; g__Oceanicaulis; s__	0.9996336574692648	Bacteria Proteobacteria Alphaproteobacteria Rhodobacterales Hyphomonadaceae Oceanicaulis 	Oceanicaulis
contig_280	97095dc27e67630bfab9c956b87aa04c7ae34b9c	k__Bacteria; p__Proteobacteria; c__Alphaproteobacteria; o__Rhodobacterales; f__Hyphomonadaceae	0.999825102541877	Bacteria Proteobacteria Alphaproteobacteria Rhodobacterales Hyphomonadaceae	Hyphomonadaceae
contig_281	ace7e51d10b54061bab4549bac8250c710ff9322	k__Bacteria; p__Proteobacteria; c__Alphaproteobacteria; o__Rhodobacterales; f__Hyphomonadaceae; g__Oceanicaulis; s__	0.9995829053635124	Bacteria Proteobacteria Alphaproteobacteria Rhodobacterales Hyphomonadaceae Oceanicaulis 	Oceanicaulis
contig_288	e8a9658090be4785f4af2da44d9779b347850049	k__Bacteria; p__Proteobacteria; c__Gammaproteobacteria; o__Alteromonadales; f__Alteromonadaceae; g__Marinobacter; s__	0.9413361228583579	Bacteria Proteobacteria Gammaproteobacteria Alteromonadales Alteromonadaceae Marinobacter 	Marinobacter
contig_293	6de7683f1de2158bc177ab508c1727bbd5155477	k__Bacteria; p__Proteobacteria; c__Alphaproteobacteria; o__Rhodobacterales; f__Rhodobacteraceae	0.9999989175088435	Bacteria Proteobacteria Alphaproteobacteria Rhodobacterales Rhodobacteraceae	Rhodobacteraceae
contig_300	fbebf1dd9ce768e4fc13c8e3884dcd10f0be387e	k__Bacteria; p__Proteobacteria; c__Betaproteobacteria; o__Methylophilales; f__Methylophilaceae; g__; s__	0.969371916940907	Bacteria Proteobacteria Betaproteobacteria Methylophilales Methylophilaceae  	Methylophilaceae
contig_302	3557137ef142239b572056c13b52b4835df396a6	k__Bacteria; p__Bacteroidetes; c__Cytophagia; o__Cytophagales; f__Flammeovirgaceae; g__Roseivirga; s__	0.9999691910823759	Bacteria Bacteroidetes Cytophagia Cytophagales Flammeovirgaceae Roseivirga 	Roseivirga
contig_305	10516a46d8fb91cb7ac4a675c09803be30a21b34	k__Bacteria; p__Proteobacteria; c__Alphaproteobacteria; o__Rhodobacterales; f__Rhodobacteraceae	0.9999934282653579	Bacteria Proteobacteria Alphaproteobacteria Rhodobacterales Rhodobacteraceae	Rhodobacteraceae
contig_308	f2c605ae6474a242a049aafefed8e81939fbb743	k__Bacteria; p__Proteobacteria; c__Alphaproteobacteria	0.9804034644472618	Bacteria Proteobacteria Alphaproteobacteria	Alphaproteobacteria
contig_311	ca285ab168fb08cd8f5a4a18c6b9b79cb195b2f4	k__Bacteria; p__Proteobacteria; c__Gammaproteobacteria; o__Alteromonadales; f__Alteromonadaceae; g__Alteromonas; s__	0.9481422174927948	Bacteria Proteobacteria Gammaproteobacteria Alteromonadales Alteromonadaceae Alteromonas 	Alteromonas
contig_314	e6c7c0c9340d3c2eba3c8595852d76cf346985ca	k__Bacteria; p__Proteobacteria; c__Alphaproteobacteria; o__Rhodobacterales; f__Rhodobacteraceae	0.9999998038623901	Bacteria Proteobacteria Alphaproteobacteria Rhodobacterales Rhodobacteraceae	Rhodobacteraceae
contig_315	c9ec5e2d6ec04c8b26948cc8b423f48fdbc49002	k__Bacteria; p__Proteobacteria; c__Gammaproteobacteria; o__Oceanospirillales; f__Saccharospirillaceae; g__Saccharospirillum; s__	0.9805456886933847	Bacteria Proteobacteria Gammaproteobacteria Oceanospirillales Saccharospirillaceae Saccharospirillum 	Saccharospirillum
contig_316	e919e4a8cecfff287a5102db357fd40c97432d51	k__Bacteria; p__Proteobacteria; c__Alphaproteobacteria; o__Rhodobacterales; f__Rhodobacteraceae	0.9999961381451483	Bacteria Proteobacteria Alphaproteobacteria Rhodobacterales Rhodobacteraceae	Rhodobacteraceae
contig_324	bc671cac2a5238af9f292c174dc6e41651b7467e	k__Bacteria; p__Proteobacteria; c__Alphaproteobacteria; o__Sphingomonadales; f__Erythrobacteraceae; g__Erythrobacter	0.9475886415411634	Bacteria Proteobacteria Alphaproteobacteria Sphingomonadales Erythrobacteraceae Erythrobacter	Erythrobacter
contig_331	f6b4e3997b513457feb2f7ae38b2af1e60dbd500	k__Bacteria; p__Proteobacteria; c__Alphaproteobacteria; o__Rhodobacterales; f__Rhodobacteraceae	0.9999934531709076	Bacteria Proteobacteria Alphaproteobacteria Rhodobacterales Rhodobacteraceae	Rhodobacteraceae
contig_332	4ee78820e55e4d04f550e8c0bc3b83f2ee20a583	k__Bacteria; p__Proteobacteria; c__Alphaproteobacteria; o__Rhodobacterales; f__Rhodobacteraceae	0.9999986687019887	Bacteria Proteobacteria Alphaproteobacteria Rhodobacterales Rhodobacteraceae	Rhodobacteraceae
contig_334	b5c7233e14060127323d296bc031e70132bd7d50	k__Bacteria; p__Proteobacteria; c__Gammaproteobacteria; o__Oceanospirillales; f__Halomonadaceae; g__Haererehalobacter	0.9909500454027786	Bacteria Proteobacteria Gammaproteobacteria Oceanospirillales Halomonadaceae Haererehalobacter	Haererehalobacter
contig_340	3db00bf862a8e676aac5220bf43a9f8b91995b23	k__Bacteria; p__Bacteroidetes; c__[Rhodothermi]; o__[Rhodothermales]; f__[Balneolaceae]; g__Balneola; s__	0.9998963349164741	Bacteria Bacteroidetes [Rhodothermi] [Rhodothermales] [Balneolaceae] Balneola 	Balneola
contig_347	6c4b9e6fb4d82726ae66ce13bf41901bfb879fec	k__Bacteria; p__Proteobacteria; c__Alphaproteobacteria; o__Rhodospirillales; f__Rhodospirillaceae; g__; s__	0.723126118297585	Bacteria Proteobacteria Alphaproteobacteria Rhodospirillales Rhodospirillaceae  	Rhodospirillaceae
contig_367	82e4954b30d0dcccb49cada94cdb36a3896ca847	k__Bacteria; p__Bacteroidetes; c__Cytophagia; o__Cytophagales; f__Flammeovirgaceae; g__; s__	0.9630485901044967	Bacteria Bacteroidetes Cytophagia Cytophagales Flammeovirgaceae  	Flammeovirgaceae
contig_370	64f62b9bfc43656d47b3173c7a757434c634113c	k__Bacteria; p__Proteobacteria; c__Alphaproteobacteria; o__Rhodobacterales; f__Rhodobacteraceae	0.9999956198511651	Bacteria Proteobacteria Alphaproteobacteria Rhodobacterales Rhodobacteraceae	Rhodobacteraceae
contig_378	f7db3f7d40762c4ca2d1a409a4805f363821fbce	k__Bacteria; p__Planctomycetes; c__Phycisphaerae; o__Phycisphaerales; f__; g__; s__	0.956894078434202	Bacteria Planctomycetes Phycisphaerae Phycisphaerales   	Phycisphaerales
contig_379	817dd8022f21b6cb54b5a632f2ed1136f3d06e05	k__Bacteria; p__Proteobacteria; c__Alphaproteobacteria; o__Rhodobacterales; f__Rhodobacteraceae; g__Nautella; s__	0.8282345009633415	Bacteria Proteobacteria Alphaproteobacteria Rhodobacterales Rhodobacteraceae Nautella 	Nautella
contig_382	5eee603d5d7a33e64c00d0562d4462708fa2d7d5	k__Bacteria; p__Proteobacteria; c__Alphaproteobacteria; o__Rhizobiales; f__Phyllobacteriaceae	0.9881924622613443	Bacteria Proteobacteria Alphaproteobacteria Rhizobiales Phyllobacteriaceae	Phyllobacteriaceae
contig_383	6cb47eba426e81df24ad4cc0029cdda0c9e9e0f4	k__Bacteria; p__Proteobacteria; c__Gammaproteobacteria; o__Alteromonadales; f__HTCC2188; g__HTCC; s__	0.9953850249303641	Bacteria Proteobacteria Gammaproteobacteria Alteromonadales HTCC2188 HTCC 	Alteromonadales HTCC2188 HTCC
contig_395	4cd7d458f4452603e43e0045b5514b78554d091b	k__Bacteria; p__Proteobacteria; c__Alphaproteobacteria; o__Rhodobacterales; f__Rhodobacteraceae	0.9999974765875578	Bacteria Proteobacteria Alphaproteobacteria Rhodobacterales Rhodobacteraceae	Rhodobacteraceae
contig_396	21373a1a4220bf534bddd730e3bf8435faa1d902	k__Bacteria; p__Proteobacteria; c__Alphaproteobacteria; o__Rhodobacterales; f__Rhodobacteraceae	0.9999992752215499	Bacteria Proteobacteria Alphaproteobacteria Rhodobacterales Rhodobacteraceae	Rhodobacteraceae
contig_400	47939504678a2896a4ccd700af2ab6e19e270e49	k__Bacteria; p__Proteobacteria; c__Gammaproteobacteria; o__Alteromonadales; f__Alteromonadaceae	0.9999462994540108	Bacteria Proteobacteria Gammaproteobacteria Alteromonadales Alteromonadaceae	Alteromonadaceae
contig_401	378687c2c8cdf297104ee2d4501ab3c64c153d60	k__Bacteria; p__Proteobacteria; c__Deltaproteobacteria; o__GMD14H09; f__; g__; s__	0.9911592438533388	Bacteria Proteobacteria Deltaproteobacteria GMD14H09   	Deltaproteobacteria GMD14H09
contig_402	410d213d6a92786c3713532cf7be470ede61b30d	k__Bacteria; p__Proteobacteria; c__Gammaproteobacteria	0.9936512433253921	Bacteria Proteobacteria Gammaproteobacteria	Gammaproteobacteria
contig_404	0468fcf94fc57999b4d6518905ea6408230ae54f	k__Bacteria; p__Proteobacteria; c__Alphaproteobacteria; o__Rhizobiales; f__Hyphomicrobiaceae; g__Devosia; s__	0.9996738943798295	Bacteria Proteobacteria Alphaproteobacteria Rhizobiales Hyphomicrobiaceae Devosia 	Devosia
contig_407	712a7be7b7965a7e5acd410188787bd30f7c72f4	k__Bacteria; p__Proteobacteria; c__Alphaproteobacteria	0.9790167134910074	Bacteria Proteobacteria Alphaproteobacteria	Alphaproteobacteria
contig_411	e69115a49cf16059dbaefa850819633bb147d5c9	k__Bacteria; p__Bacteroidetes; c__[Rhodothermi]; o__[Rhodothermales]; f__[Balneolaceae]; g__Balneola; s__	0.9998620932706682	Bacteria Bacteroidetes [Rhodothermi] [Rhodothermales] [Balneolaceae] Balneola 	Balneola
contig_413	92e8c83ca60e2208e0b90e4b3c8733a019e69cd0	k__Bacteria	0.9999865424183016	Bacteria	Bacteria
contig_444	90b82b140703e61137216be15b8b912bdb07c84e	k__Bacteria; p__Proteobacteria; c__Gammaproteobacteria; o__Oceanospirillales; f__Alcanivoracaceae; g__Alcanivorax	0.9999864108803695	Bacteria Proteobacteria Gammaproteobacteria Oceanospirillales Alcanivoracaceae Alcanivorax	Alcanivorax
contig_446	8a41bb772fb93bd45b480f222717a0f890823d88	k__Bacteria; p__Proteobacteria; c__Alphaproteobacteria; o__Rhodobacterales; f__Rhodobacteraceae; g__Roseovarius; s__	0.945905415591657	Bacteria Proteobacteria Alphaproteobacteria Rhodobacterales Rhodobacteraceae Roseovarius 	Roseovarius
contig_449	aec8c2a5b36840490c780e48e88245ea9dea8416	k__Bacteria; p__Proteobacteria; c__Gammaproteobacteria; o__[Marinicellales]; f__[Marinicellaceae]; g__Marinicella; s__	0.9999982817189147	Bacteria Proteobacteria Gammaproteobacteria [Marinicellales] [Marinicellaceae] Marinicella 	Marinicella
contig_453	93e5c49277ec545df03513c093c509092f98935f	k__Bacteria; p__Bacteroidetes; c__Flavobacteriia; o__Flavobacteriales; f__Flavobacteriaceae; g__Flexibacter; s__echinicida	0.8008310652860144	Bacteria Bacteroidetes Flavobacteriia Flavobacteriales Flavobacteriaceae Flexibacter echinicida	Flexibacter echinicida
contig_459	a40e33545e4e4ffe4564cf1a0bc9bbe5e3faa455	k__Bacteria; p__Proteobacteria; c__Gammaproteobacteria; o__Oceanospirillales; f__Alcanivoracaceae; g__Alcanivorax; s__dieselolei	0.7481836490765829	Bacteria Proteobacteria Gammaproteobacteria Oceanospirillales Alcanivoracaceae Alcanivorax dieselolei	Alcanivorax dieselolei
contig_462	8f86f23937b3d279cff1d512312d9b6f260612ea	k__Bacteria; p__Proteobacteria; c__Alphaproteobacteria; o__Sphingomonadales; f__Erythrobacteraceae; g__Erythrobacter; s__	0.9015575659046243	Bacteria Proteobacteria Alphaproteobacteria Sphingomonadales Erythrobacteraceae Erythrobacter 	Erythrobacter
contig_469	243279c882c8d19e3c4c4df703881f0616839f2a	k__Bacteria; p__Proteobacteria; c__Gammaproteobacteria; o__HTCC2188; f__; g__; s__	0.9944919717582071	Bacteria Proteobacteria Gammaproteobacteria HTCC2188   	Gammaproteobacteria HTCC2188
contig_477	9e419cb9c1273ec8b885b4d27a279699e987e331	k__Bacteria; p__Bacteroidetes; c__Cytophagia; o__Cytophagales; f__Flammeovirgaceae; g__Roseivirga; s__	0.9999442836739152	Bacteria Bacteroidetes Cytophagia Cytophagales Flammeovirgaceae Roseivirga 	Roseivirga
contig_478	5be219c9ce8dd81789fe28545f06208692a31015	k__Bacteria; p__Bacteroidetes; c__Flavobacteriia; o__Flavobacteriales; f__Flavobacteriaceae; g__; s__	0.9504528011877518	Bacteria Bacteroidetes Flavobacteriia Flavobacteriales Flavobacteriaceae  	Flavobacteriaceae
contig_480	fe2acf1eeda6c735250e530a3ddb7dfe4bdf39bd	k__Bacteria; p__Proteobacteria; c__Gammaproteobacteria; o__Alteromonadales; f__HTCC2188; g__HTCC; s__	0.9999479704642333	Bacteria Proteobacteria Gammaproteobacteria Alteromonadales HTCC2188 HTCC 	Alteromonadales HTCC2188 HTCC
contig_486	fb9f9c9ee5eafdc0cf1682a91f8a6aeb6b5a365f	k__Bacteria; p__Proteobacteria; c__Alphaproteobacteria	0.9759867110935386	Bacteria Proteobacteria Alphaproteobacteria	Alphaproteobacteria
contig_492	e2005b11bb7cfd59dfe0bb646f63d7e75f2ab6ec	k__Bacteria; p__Planctomycetes; c__Phycisphaerae; o__Phycisphaerales; f__; g__; s__	0.9841829583667936	Bacteria Planctomycetes Phycisphaerae Phycisphaerales   	Phycisphaerales
contig_501	3d5f05cbc2690c0ba015097a39fc9b83e0b890f7	k__Bacteria; p__Proteobacteria; c__Alphaproteobacteria; o__Rhodobacterales; f__Rhodobacteraceae	0.9999945614046024	Bacteria Proteobacteria Alphaproteobacteria Rhodobacterales Rhodobacteraceae	Rhodobacteraceae
contig_537	6559ac53add6fd5a10588e2aea1e56951e25d6c8	k__Bacteria; p__Proteobacteria; c__Alphaproteobacteria; o__Rhodospirillales; f__Rhodospirillaceae; g__Oceanibaculum; s__indicum	0.9998453691676943	Bacteria Proteobacteria Alphaproteobacteria Rhodospirillales Rhodospirillaceae Oceanibaculum indicum	Oceanibaculum indicum
contig_539	ba08b27165744c07c6208f48afbe2c02dc8c23df	k__Bacteria; p__Proteobacteria; c__Alphaproteobacteria; o__Rhodobacterales; f__Rhodobacteraceae	0.9999997840609076	Bacteria Proteobacteria Alphaproteobacteria Rhodobacterales Rhodobacteraceae	Rhodobacteraceae
contig_550	105bd94b43e377aadd4fabaa763b8ec2e1b8088a	k__Bacteria; p__Proteobacteria; c__Alphaproteobacteria; o__Sphingomonadales; f__Sphingomonadaceae; g__Sphingopyxis; s__	0.9963012975320855	Bacteria Proteobacteria Alphaproteobacteria Sphingomonadales Sphingomonadaceae Sphingopyxis 	Sphingopyxis
contig_555	5da291e6c96daea6e1b754ee70a791c566b312c7	k__Bacteria; p__Proteobacteria; c__Gammaproteobacteria; o__Oceanospirillales; f__Oleiphilaceae; g__; s__	0.998382450558946	Bacteria Proteobacteria Gammaproteobacteria Oceanospirillales Oleiphilaceae  	Oleiphilaceae
contig_558	9b5fa12fa63ec19b9bab0bcc245dfd5742f5c597	k__Bacteria; p__Proteobacteria; c__Gammaproteobacteria; o__Thiotrichales; f__Piscirickettsiaceae; g__; s__	0.9980476146556322	Bacteria Proteobacteria Gammaproteobacteria Thiotrichales Piscirickettsiaceae  	Piscirickettsiaceae
contig_566	0fa7351dc3a6ede04338c0ca882da26d297c86d2	k__Bacteria; p__Bacteroidetes; c__Flavobacteriia; o__Flavobacteriales; f__Flavobacteriaceae; g__Muricauda; s__	0.9996506740901269	Bacteria Bacteroidetes Flavobacteriia Flavobacteriales Flavobacteriaceae Muricauda 	Muricauda
contig_569	5d207e0e61b7e0926349dd86c0c543c3494fcd39	k__Bacteria; p__Proteobacteria; c__Alphaproteobacteria; o__Kiloniellales; f__; g__; s__	0.9871260686391964	Bacteria Proteobacteria Alphaproteobacteria Kiloniellales   	Kiloniellales
contig_577	f35190a067a596e695f0d4128939767f3dc3208b	k__Bacteria; p__Planctomycetes; c__Phycisphaerae; o__Phycisphaerales; f__; g__; s__	0.9745869059292696	Bacteria Planctomycetes Phycisphaerae Phycisphaerales   	Phycisphaerales
contig_586	c114fb7025d2e3bfc4dcc79291cd7b4d0d0bd794	k__Bacteria; p__Proteobacteria; c__Alphaproteobacteria; o__Rhodobacterales; f__Hyphomonadaceae; g__Maricaulis; s__	0.9992643705560852	Bacteria Proteobacteria Alphaproteobacteria Rhodobacterales Hyphomonadaceae Maricaulis 	Maricaulis
contig_600	33516959b7f84954752ab39664d7343bf1f1379a	k__Bacteria; p__Proteobacteria; c__Gammaproteobacteria; o__Oceanospirillales; f__Alcanivoracaceae; g__Alcanivorax; s__	0.9999319285699345	Bacteria Proteobacteria Gammaproteobacteria Oceanospirillales Alcanivoracaceae Alcanivorax 	Alcanivorax
contig_616	c28e62b7858197d01c334e55f5c53ec8be706667	k__Bacteria; p__Proteobacteria; c__Gammaproteobacteria; o__Chromatiales; f__; g__; s__	0.789834716139206	Bacteria Proteobacteria Gammaproteobacteria Chromatiales   	Chromatiales
contig_629	585b81220bace9ed993d010355f50eabd43e85c0	k__Bacteria; p__Proteobacteria; c__Alphaproteobacteria; o__Rhizobiales; f__Phyllobacteriaceae; g__Mesorhizobium; s__	0.7608368763116334	Bacteria Proteobacteria Alphaproteobacteria Rhizobiales Phyllobacteriaceae Mesorhizobium 	Mesorhizobium
contig_637	235e221a7618a2c441fd04ccffa42c545be3a230	k__Bacteria; p__Proteobacteria; c__Alphaproteobacteria; o__Rhodospirillales; f__Rhodospirillaceae; g__Nisaea; s__	0.9999975641090482	Bacteria Proteobacteria Alphaproteobacteria Rhodospirillales Rhodospirillaceae Nisaea 	Nisaea
contig_649	573fed4851948b5c2a2330485ad9da27bc9034ce	k__Bacteria; p__Proteobacteria; c__Alphaproteobacteria; o__Rhizobiales; f__Phyllobacteriaceae; g__; s__	0.7863995492984646	Bacteria Proteobacteria Alphaproteobacteria Rhizobiales Phyllobacteriaceae  	Phyllobacteriaceae
contig_656	75791e0481c0ab1e7017ae618e99a226f2e1f8c3	k__Bacteria; p__Planctomycetes; c__Phycisphaerae; o__Phycisphaerales; f__; g__; s__	0.9849913191095075	Bacteria Planctomycetes Phycisphaerae Phycisphaerales   	Phycisphaerales
contig_657	f1467f8fed73a3cd7d867f845b307cb6c5d56a99	k__Bacteria; p__Proteobacteria; c__Gammaproteobacteria; o__Alteromonadales; f__Alteromonadaceae; g__Marinobacter; s__	0.9264916707454279	Bacteria Proteobacteria Gammaproteobacteria Alteromonadales Alteromonadaceae Marinobacter 	Marinobacter
contig_670	44a4f90a158a2a50c5ea5a8d9f8f8b33baca0665	k__Bacteria; p__Proteobacteria; c__Alphaproteobacteria; o__Rhodobacterales; f__Rhodobacteraceae	0.9999984342767092	Bacteria Proteobacteria Alphaproteobacteria Rhodobacterales Rhodobacteraceae	Rhodobacteraceae
contig_691	a7bc7f8f72f6e878e120a3e9f01ed5a487cc1286	k__Bacteria; p__Proteobacteria; c__Alphaproteobacteria; o__Rhodobacterales; f__Rhodobacteraceae	0.9999996058184452	Bacteria Proteobacteria Alphaproteobacteria Rhodobacterales Rhodobacteraceae	Rhodobacteraceae
contig_703	8ef9e6e8dbc29865ab570501f29842be51c2d3f1	k__Bacteria; p__Bacteroidetes; c__Cytophagia; o__Cytophagales; f__Cyclobacteriaceae; g__Algoriphagus; s__ornithinivorans	0.9302857992795184	Bacteria Bacteroidetes Cytophagia Cytophagales Cyclobacteriaceae Algoriphagus ornithinivorans	Algoriphagus ornithinivorans
contig_740	cacee259decdde5e1d1d1bf671ddfb14f00c485d	k__Bacteria; p__Proteobacteria; c__Alphaproteobacteria; o__Rhizobiales; f__Phyllobacteriaceae; g__; s__	0.9448337190277879	Bacteria Proteobacteria Alphaproteobacteria Rhizobiales Phyllobacteriaceae  	Phyllobacteriaceae
contig_764	4be2356ae83c07932cf46cfcd724e009bab85d37	k__Bacteria; p__Proteobacteria; c__Alphaproteobacteria; o__Rhizobiales; f__Phyllobacteriaceae; g__Mesorhizobium	0.7205523573263616	Bacteria Proteobacteria Alphaproteobacteria Rhizobiales Phyllobacteriaceae Mesorhizobium	Mesorhizobium
contig_767	c0f3a49228547e48edea6d7b6ef6e683fee073df	k__Bacteria; p__Proteobacteria; c__Gammaproteobacteria; o__Alteromonadales; f__HTCC2188; g__HTCC; s__	0.9970596228853684	Bacteria Proteobacteria Gammaproteobacteria Alteromonadales HTCC2188 HTCC 	Alteromonadales HTCC2188 HTCC
contig_776	361c7df9120adfca9428f98b573161ed454a6295	k__Bacteria; p__Proteobacteria; c__Alphaproteobacteria	0.9722226297017257	Bacteria Proteobacteria Alphaproteobacteria	Alphaproteobacteria
contig_783	fdf9f303c0029a2e2c41e5f8e8cc5cf628c77e05	k__Bacteria; p__Proteobacteria; c__Gammaproteobacteria; o__Oceanospirillales; f__Alcanivoracaceae; g__Alcanivorax	0.9999881744511774	Bacteria Proteobacteria Gammaproteobacteria Oceanospirillales Alcanivoracaceae Alcanivorax	Alcanivorax
contig_790	6a9056639cca586d291ea696075acb4f5b88d252	k__Bacteria; p__Proteobacteria; c__Alphaproteobacteria; o__Rhizobiales; f__Hyphomicrobiaceae; g__; s__	0.8686642205611892	Bacteria Proteobacteria Alphaproteobacteria Rhizobiales Hyphomicrobiaceae  	Hyphomicrobiaceae
contig_794	48683a4599adb12fc709d284b2942947d2ba63cb	k__Bacteria; p__Proteobacteria; c__Alphaproteobacteria; o__Rhodobacterales; f__Hyphomonadaceae; g__Hyphomonas; s__	0.9739705518522901	Bacteria Proteobacteria Alphaproteobacteria Rhodobacterales Hyphomonadaceae Hyphomonas 	Hyphomonas
contig_801	898183d9808ad9616e8b54419784d3dc7a5d452a	k__Bacteria; p__Proteobacteria; c__Gammaproteobacteria; o__Thiotrichales; f__Piscirickettsiaceae; g__Methylophaga; s__	0.999999527649377	Bacteria Proteobacteria Gammaproteobacteria Thiotrichales Piscirickettsiaceae Methylophaga 	Methylophaga
contig_804	7b0d85f04e0bc089926edc18fedb91d4be8bca38	k__Bacteria; p__Proteobacteria; c__Alphaproteobacteria; o__; f__; g__; s__	0.860430628176672	Bacteria Proteobacteria Alphaproteobacteria    	Alphaproteobacteria
contig_808	ff5d4f76f5d2b4390102b832486c425b662b37eb	k__Bacteria; p__Proteobacteria; c__Gammaproteobacteria; o__Thiohalorhabdales; f__; g__; s__	0.9638999031951146	Bacteria Proteobacteria Gammaproteobacteria Thiohalorhabdales   	Thiohalorhabdales
contig_829	e67f741346c09fd5f93ac6c6448402b3dc3d091d	k__Bacteria; p__Proteobacteria; c__Alphaproteobacteria; o__Rhodobacterales; f__Rhodobacteraceae; g__Loktanella	0.7785489789785902	Bacteria Proteobacteria Alphaproteobacteria Rhodobacterales Rhodobacteraceae Loktanella	Loktanella
contig_831	b2b02153c02b5c8985f29998a13ab541fb59c0f4	k__Bacteria; p__Proteobacteria; c__Alphaproteobacteria; o__; f__; g__; s__	0.836804382197366	Bacteria Proteobacteria Alphaproteobacteria    	Alphaproteobacteria
contig_832	44e6788034027462ca8044f58714fc436f2f1c5a	k__Bacteria; p__Proteobacteria; c__Alphaproteobacteria; o__Sphingomonadales; f__Erythrobacteraceae; g__Erythrobacter; s__	0.8536867482720732	Bacteria Proteobacteria Alphaproteobacteria Sphingomonadales Erythrobacteraceae Erythrobacter 	Erythrobacter
contig_848	365a447ac6ceb2320aceba3b530db35819106eca	k__Bacteria; p__Proteobacteria; c__Alphaproteobacteria; o__Kiloniellales; f__Kiloniellaceae; g__Thalassospira; s__xiamenensis	0.8381442194242049	Bacteria Proteobacteria Alphaproteobacteria Kiloniellales Kiloniellaceae Thalassospira xiamenensis	Thalassospira xiamenensis
contig_872	c81e88df700b26dc8fcfa4532b1eb579dc7277e0	k__Bacteria; p__Bacteroidetes; c__[Rhodothermi]; o__[Rhodothermales]; f__[Balneolaceae]; g__Balneola; s__	0.9999908746897556	Bacteria Bacteroidetes [Rhodothermi] [Rhodothermales] [Balneolaceae] Balneola 	Balneola
contig_873	4ef4dd642f60169c35209dccc683af0781cdc360	k__Bacteria; p__Proteobacteria; c__Alphaproteobacteria; o__Rhodobacterales; f__Rhodobacteraceae; g__Seohicola; s__saemankumensis	0.7859312030576356	Bacteria Proteobacteria Alphaproteobacteria Rhodobacterales Rhodobacteraceae Seohicola saemankumensis	Seohicola saemankumensis
contig_878	45e5cc62086882fefdea7ed6602e8e1b87298198	k__Bacteria; p__Bacteroidetes; c__[Rhodothermi]; o__[Rhodothermales]; f__[Balneolaceae]; g__Balneola; s__	0.9993407298274822	Bacteria Bacteroidetes [Rhodothermi] [Rhodothermales] [Balneolaceae] Balneola 	Balneola
contig_916	d88a8a541f7169aeaeec9d219b6d7672b5353f72	k__Bacteria; p__Proteobacteria; c__Alphaproteobacteria; o__Kiloniellales; f__Kiloniellaceae; g__Thalassospira	0.9999998641799892	Bacteria Proteobacteria Alphaproteobacteria Kiloniellales Kiloniellaceae Thalassospira	Thalassospira
contig_929	5028b3ecacd29c1b6342960da05676f207f3440b	k__Bacteria; p__Proteobacteria; c__Alphaproteobacteria; o__Rhizobiales; f__Hyphomicrobiaceae; g__Labrenzia	0.9318601168320065	Bacteria Proteobacteria Alphaproteobacteria Rhizobiales Hyphomicrobiaceae Labrenzia	Labrenzia
contig_989	0ee39c2ac171d16e80450d01652e21560eea3d0e	k__Bacteria; p__Proteobacteria; c__Gammaproteobacteria; o__Pseudomonadales; f__Pseudomonadaceae; g__Pseudomonas; s__stutzeri	0.9441913381420184	Bacteria Proteobacteria Gammaproteobacteria Pseudomonadales Pseudomonadaceae Pseudomonas stutzeri	Pseudomonas stutzeri
contig_1012	bac9d4ae292130e2a43e92964015d841c259fb88	k__Bacteria; p__Proteobacteria; c__Alphaproteobacteria; o__Rhodobacterales; f__Rhodobacteraceae; g__Loktanella; s__vestfoldensis	0.9464577716492336	Bacteria Proteobacteria Alphaproteobacteria Rhodobacterales Rhodobacteraceae Loktanella vestfoldensis	Loktanella vestfoldensis
contig_1014	e632dc48ed38320ef5d781041d137a2ed150cbab	k__Bacteria; p__Bacteroidetes; c__Cytophagia; o__Cytophagales; f__Flammeovirgaceae; g__; s__	0.8485128679727827	Bacteria Bacteroidetes Cytophagia Cytophagales Flammeovirgaceae  	Flammeovirgaceae
contig_1017	a39c8b686802fe4a25ba60a8682886fb8995bb04	k__Bacteria; p__Proteobacteria; c__Alphaproteobacteria; o__Rhodobacterales; f__Rhodobacteraceae; g__Sulfitobacter	0.7209703966974712	Bacteria Proteobacteria Alphaproteobacteria Rhodobacterales Rhodobacteraceae Sulfitobacter	Sulfitobacter
contig_1034	302787925193f486764894f71d3f497ddd6371fc	k__Bacteria; p__Proteobacteria; c__Gammaproteobacteria; o__Alteromonadales; f__OM60; g__; s__	0.9996052995538671	Bacteria Proteobacteria Gammaproteobacteria Alteromonadales OM60  	Alteromonadales OM60
contig_1049	7c287cc177e6ee7dd0fc7d6af9345616909a315b	k__Bacteria; p__Proteobacteria; c__Gammaproteobacteria; o__Oceanospirillales; f__Oleiphilaceae; g__; s__	0.9955213308764522	Bacteria Proteobacteria Gammaproteobacteria Oceanospirillales Oleiphilaceae  	Oleiphilaceae
contig_1061	7f4fe3d48a115fc375c8b2ff72c219cad97ffed2	k__Bacteria; p__Proteobacteria; c__Alphaproteobacteria; o__Rhodobacterales; f__Rhodobacteraceae; g__Dinoroseobacter; s__	0.8428194694831617	Bacteria Proteobacteria Alphaproteobacteria Rhodobacterales Rhodobacteraceae Dinoroseobacter 	Dinoroseobacter
contig_1170	3f9119222087c3d6204079b46f0e948304295945	k__Bacteria; p__Bacteroidetes; c__Flavobacteriia; o__Flavobacteriales; f__Flavobacteriaceae; g__Tenacibaculum; s__	0.9932550690063409	Bacteria Bacteroidetes Flavobacteriia Flavobacteriales Flavobacteriaceae Tenacibaculum 	Tenacibaculum
